cliente;antes;depois
Cliente 21;Sim;Sim
Cliente 49;Não;Não
Cliente 29;Sim;Sim
Cliente 22;Sim;Sim
Cliente 3;Não;Sim
Cliente 40;Não;Não
Cliente 9;Não;Sim
Cliente 14;Não;Sim
Cliente 36;Sim;Sim
Cliente 24;Sim;Sim
Cliente 34;Sim;Sim
Cliente 42;Não;Não
Cliente 28;Sim;Sim
Cliente 43;Não;Não
Cliente 5;Não;Sim
Cliente 15;Sim;Não
Cliente 44;Não;Não
Cliente 26;Sim;Sim
Cliente 30;Sim;Sim
Cliente 47;Não;Não
Cliente 50;Não;Não
Cliente 41;Não;Não
Cliente 6;Não;Sim
Cliente 1;Não;Sim
Cliente 2;Não;Sim
Cliente 4;Não;Sim
Cliente 37;Não;Não
Cliente 12;Não;Sim
Cliente 31;Sim;Sim
Cliente 23;Sim;Sim
Cliente 38;Não;Não
Cliente 18;Sim;Não
Cliente 25;Sim;Sim
Cliente 10;Não;Sim
Cliente 48;Não;Não
Cliente 17;Sim;Não
Cliente 16;Sim;Não
Cliente 45;Não;Não
Cliente 27;Sim;Sim
Cliente 46;Não;Não
Cliente 35;Sim;Sim
Cliente 20;Sim;Sim
Cliente 13;Não;Sim
Cliente 32;Sim;Sim
Cliente 39;Não;Não
Cliente 33;Sim;Sim
Cliente 19;Sim;Sim
Cliente 11;Não;Sim
Cliente 7;Não;Sim
Cliente 8;Não;Sim
