canteiro;irrigacao;dose_adubo;producao
1;Aspersão;Baixa;29,2
2;Sequeiro;Baixa;24,6
3;Aspersão;Baixa;28,9
4;Sequeiro;Alta;24,6
5;Aspersão;Baixa;30,1
6;Sequeiro;Baixa;21,2
7;Gotejamento;Baixa;29,0
8;Aspersão;Alta;28,8
9;Gotejamento;Baixa;30,7
10;Gotejamento;Alta;38,1
11;Sequeiro;Alta;23,8
12;Sequeiro;Baixa;23,5
13;Sequeiro;Alta;24,9
14;Aspersão;Alta;30,0
15;Aspersão;Alta;32,0
16;Aspersão;Baixa;29,8
17;Sequeiro;Alta;25,2
18;Aspersão;Baixa;27,0
19;Sequeiro;Baixa;24,3
20;Sequeiro;Alta;19,5
21;Gotejamento;Baixa;30,0
22;Gotejamento;Baixa;29,4
23;Sequeiro;Baixa;19,9
24;Gotejamento;Alta;40,9
25;Gotejamento;Alta;36,6
26;Gotejamento;Baixa;28,0
27;Aspersão;Alta;34,5
28;Gotejamento;Alta;36,9
29;Aspersão;Alta;30,2
30;Gotejamento;Alta;35,8
