aluno;turno;conceito;nota
Aluno 82;Noite;C;7,4
Aluno 14;Manhã;A;9,8
Aluno 34;Manhã;B;8,8
Aluno 52;Noite;B;6,4
Aluno 24;Manhã;B;6,8
Aluno 15;Manhã;A;5,5
Aluno 65;Noite;B;5,5
Aluno 74;Noite;C;6,8
Aluno 81;Noite;C;6,7
Aluno 54;Noite;B;7,8
Aluno 60;Noite;B;7
Aluno 83;Noite;C;8,1
Aluno 17;Manhã;A;6,9
Aluno 6;Manhã;A;9,2
Aluno 70;Noite;C;9
Aluno 4;Manhã;A;7,8
Aluno 57;Noite;B;9,9
Aluno 59;Noite;B;6,3
Aluno 21;Manhã;B;9,7
Aluno 86;Noite;C;5,2
Aluno 32;Manhã;B;7,4
Aluno 7;Manhã;A;9,9
Aluno 66;Noite;C;6,2
Aluno 89;Noite;C;7,3
Aluno 1;Manhã;A;5,7
Aluno 31;Manhã;B;6,7
Aluno 67;Noite;C;6,9
Aluno 69;Noite;C;8,3
Aluno 9;Manhã;A;6,3
Aluno 47;Noite;A;7,9
Aluno 29;Manhã;B;5,3
Aluno 10;Manhã;A;7
Aluno 71;Noite;C;9,7
Aluno 88;Noite;C;6,6
Aluno 38;Manhã;C;6,6
Aluno 46;Noite;A;7,2
Aluno 49;Noite;A;9,3
Aluno 87;Noite;C;5,9
Aluno 26;Manhã;B;8,2
Aluno 20;Manhã;A;9
Aluno 45;Noite;A;6,5
Aluno 30;Manhã;B;6
Aluno 23;Manhã;B;6,1
Aluno 11;Manhã;A;7,7
Aluno 33;Manhã;B;8,1
Aluno 48;Noite;A;8,6
Aluno 27;Manhã;B;8,9
Aluno 37;Manhã;C;5,9
Aluno 28;Manhã;B;9,6
Aluno 42;Noite;A;9,4
Aluno 80;Noite;C;6
Aluno 5;Manhã;A;8,5
Aluno 63;Noite;B;9,1
Aluno 22;Manhã;B;5,4
Aluno 79;Noite;C;5,3
Aluno 44;Noite;A;5,8
Aluno 50;Noite;A;5
Aluno 68;Noite;C;7,6
Aluno 40;Manhã;C;8
Aluno 76;Noite;C;8,2
Aluno 61;Noite;B;7,7
Aluno 75;Noite;C;7,5
Aluno 35;Manhã;B;9,5
Aluno 13;Manhã;A;9,1
Aluno 2;Manhã;A;6,4
Aluno 72;Noite;C;5,4
Aluno 62;Noite;B;8,4
Aluno 56;Noite;B;9,2
Aluno 85;Noite;C;9,5
Aluno 77;Noite;C;8,9
Aluno 84;Noite;C;8,8
Aluno 19;Manhã;A;8,3
Aluno 51;Noite;B;5,7
Aluno 58;Noite;B;5,6
Aluno 55;Noite;B;8,5
Aluno 53;Noite;B;7,1
Aluno 41;Noite;A;8,7
Aluno 12;Manhã;A;8,4
Aluno 43;Noite;A;5,1
Aluno 64;Noite;B;9,8
Aluno 18;Manhã;A;7,6
Aluno 39;Manhã;C;7,3
Aluno 3;Manhã;A;7,1
Aluno 78;Noite;C;9,6
Aluno 36;Manhã;C;5,2
Aluno 16;Manhã;A;6,2
Aluno 8;Manhã;A;5,6
Aluno 90;Noite;C;8
Aluno 25;Manhã;B;7,5
Aluno 73;Noite;C;6,1
