cliente;renda;idade;comprometimento_pct;vinculo;inadimplente
C0001;4509,24;23;37,9;Autônomo;Sim
C0002;2736,9;42;9,5;Servidor;Não
C0003;13728,52;51;20,6;CLT;Não
C0004;1629,01;28;29,9;Servidor;Sim
C0005;5068,79;49;19,0;CLT;Não
C0006;3388,99;44;5,2;CLT;Sim
C0007;3049,54;57;50,4;Servidor;Não
C0008;6205,43;42;28,5;Servidor;Não
C0009;1467,09;59;29,6;Autônomo;Sim
C0010;2225,33;22;29,5;Autônomo;Sim
C0011;3438,94;63;47,1;Autônomo;Não
C0012;;25;44,7;CLT;Não
C0013;3806,72;37;56,2;CLT;Sim
C0014;5697,85;47;34,3;Autônomo;Sim
C0015;1434,18;62;35,0;Servidor;Não
C0016;1959,72;58;47,2;Autônomo;Sim
C0017;5912,15;51;50,0;CLT;Sim
C0018;2659,54;21;22,7;Autônomo;Sim
C0019;3528,06;62;53,8;CLT;Não
C0020;5247,12;52;23,8;CLT;Não
C0021;1208,93;51;50,3;CLT;Não
C0022;1997,03;28;43,3;CLT;Sim
C0023;3474,06;62;56,4;CLT;Não
C0024;1680,36;35;9,1;Autônomo;Sim
C0025;2552,18;36;34,6;CLT;Não
C0026;3564,55;57;22,4;Servidor;Sim
C0027;2610,87;37;26,1;CLT;Sim
C0028;3183,1;52;40,9;CLT;Não
C0029;3716,48;20;37,8;CLT;Não
C0030;7080,49;41;13,7;CLT;Não
C0031;8017,06;56;41,9;CLT;Não
C0032;2989,06;30;26,7;CLT;Sim
C0033;2406,97;64;57,6;Servidor;Sim
C0034;5679,8;22;11,8;CLT;Não
C0035;4699,81;30;19,9;Autônomo;Não
C0036;4123,83;50;28,3;Autônomo;Não
C0037;2312,03;22;32,9;CLT;Não
C0038;5026,48;40;32,9;CLT;Não
C0039;5631,34;48;36,4;Autônomo;Não
C0040;1491,6;60;67,8;Autônomo;Sim
C0041;6055,48;52;6,6;CLT;Não
C0042;3510,8;41;68,9;CLT;Não
C0043;2510,54;20;31,1;CLT;Sim
C0044;1654,85;64;39,4;CLT;Não
C0045;3069,01;52;47,6;Autônomo;Não
C0046;3531,32;66;63,8;CLT;Sim
C0047;3018,77;52;6,5;CLT;Não
C0048;1993,82;22;18,0;CLT;Não
C0049;2002,86;50;17,2;Autônomo;Não
C0050;5180,73;35;56,4;Autônomo;Sim
C0051;3728,86;64;34,6;CLT;Não
C0052;4197,75;20;25,4;Autônomo;Não
C0053;4986,73;70;14,6;CLT;Não
C0054;5212,48;29;33,7;Servidor;Não
C0055;8669,48;24;40,6;CLT;Sim
C0056;3513,4;36;23,4;Servidor;Não
C0057;3197,97;22;28,2;Servidor;Não
C0058;2254,94;19;69,5;CLT;Sim
C0059;4124,57;53;44,8;Autônomo;Sim
C0060;4155,7;49;26,0;Servidor;Sim
C0061;2490,22;46;25,2;Autônomo;Sim
C0062;3582,22;42;55,8;CLT;Não
C0063;3608,23;60;23,5;Autônomo;Não
C0064;22747,79;56;25,6;CLT;Não
C0065;2820,7;34;53,1;CLT;Sim
C0066;6788,71;34;21,9;Servidor;Não
C0067;4461,74;62;38,7;Autônomo;Não
C0068;3477,68;36;39,5;CLT;Sim
C0069;4465,39;70;14,4;Autônomo;Não
C0070;4355,53;21;48,4;Servidor;Sim
C0071;3583,51;19;68,2;Autônomo;Sim
C0072;3213,97;64;56,9;CLT;Sim
C0073;3019,29;30;27,5;Autônomo;Não
C0074;3002,57;42;12,2;CLT;Não
C0075;4186,11;34;58,6;Autônomo;Sim
C0076;3432,37;27;21,6;CLT;Não
C0077;5895,69;56;30,0;Autônomo;Sim
C0078;7257,23;43;8,3;Autônomo;Não
C0079;3541,42;63;53,3;Autônomo;Não
C0080;3136,28;68;41,6;CLT;Não
C0081;7044,4;46;37,2;Autônomo;Não
C0082;3514,48;28;33,1;CLT;Não
C0083;4044,54;55;49,0;Autônomo;Sim
C0084;3003,32;63;12,9;Autônomo;Sim
C0085;3892,1;32;10,6;CLT;Não
C0086;6953,87;24;14,0;CLT;Não
C0087;5697,32;69;50,5;CLT;Não
C0088;2108,66;61;7,7;Autônomo;Não
C0089;2379,37;51;54,6;CLT;Não
C0090;2969,54;63;53,2;Autônomo;Sim
C0091;3129,71;52;18,6;Autônomo;Não
C0092;5170,13;33;36,0;Autônomo;Sim
C0093;1255,21;30;53,2;CLT;Não
C0094;6937,38;42;40,8;CLT;Não
C0095;2049,7;29;17,1;CLT;Não
C0096;6117,51;60;29,3;CLT;Não
C0097;1939,56;49;58,2;Servidor;Sim
C0098;3285,67;37;32,7;Autônomo;Não
C0099;5611,91;46;57,1;CLT;Não
C0100;3706,92;63;32,1;CLT;Não
C0101;6532,15;30;28,7;CLT;Sim
C0102;12775,94;55;48,6;Autônomo;Não
C0103;2809,95;26;35,0;CLT;Sim
C0104;2237,03;25;60,9;CLT;Sim
C0105;2030,23;50;7,9;Autônomo;Sim
C0106;1716,18;62;66,2;CLT;Não
C0107;3176,9;57;13,6;Servidor;Não
C0108;1636,96;19;63,7;CLT;Sim
C0109;966,92;54;28,9;CLT;Não
C0110;2632,38;26;27,1;Servidor;Não
C0111;8131,73;27;19,0;CLT;Não
C0112;4153,01;46;57,5;CLT;Não
C0113;1908,28;70;57,6;CLT;Não
C0114;2340,65;61;39,6;Servidor;Não
C0115;5436,77;60;47,4;CLT;Não
C0116;4027,8;45;9,8;CLT;Não
C0117;2955,65;23;46,5;CLT;Sim
C0118;6362,03;53;57,1;CLT;Não
C0119;4218,95;65;67,7;Autônomo;Sim
C0120;2988,2;58;44,2;CLT;Sim
C0121;3625,01;22;61,8;Autônomo;Sim
C0122;4243,04;30;31,2;CLT;Sim
C0123;6876,51;65;5,6;Autônomo;Não
C0124;2113,74;32;32,9;CLT;Sim
C0125;3394,49;36;50,4;Autônomo;Sim
C0126;3138,61;47;38,4;Autônomo;Sim
C0127;1332,54;42;40,2;CLT;Não
C0128;2594,01;31;11,4;CLT;Não
C0129;1628,01;53;13,5;Servidor;Não
C0130;3830,39;43;47,5;CLT;Sim
C0131;3286,59;52;45,1;CLT;Não
C0132;4181,89;50;66,5;CLT;Sim
C0133;4121,07;49;68,3;CLT;Não
C0134;1616,99;25;44,7;Autônomo;Sim
C0135;3591,1;54;36,6;Autônomo;Sim
C0136;4519,86;46;56,6;CLT;Não
C0137;5763,91;67;59,4;CLT;Sim
C0138;3650,14;48;11,7;CLT;Não
C0139;2679,27;59;5,0;CLT;Sim
C0140;4069,46;62;38,0;CLT;Não
C0141;7036,75;22;22,1;Autônomo;Não
C0142;4062,64;61;25,7;CLT;Não
C0143;1552,69;26;19,8;Autônomo;Sim
C0144;4629,53;46;50,7;CLT;Sim
C0145;3691,43;61;37,2;Servidor;Não
C0146;3642,35;52;21,9;Autônomo;Não
C0147;2934,6;58;50,7;CLT;Não
C0148;3685,86;62;51,8;Autônomo;Não
C0149;3798,06;19;9,2;CLT;Não
C0150;1765,97;66;53,6;CLT;Sim
C0151;5393,16;27;57,9;Autônomo;Sim
C0152;3121,85;21;34,5;Servidor;Sim
C0153;3384,72;60;23,9;Autônomo;Não
C0154;2972,59;33;57,3;CLT;Sim
C0155;7351,5;56;48,2;CLT;Não
C0156;6030,25;61;9,7;CLT;Não
C0157;7539,65;29;22,7;CLT;Sim
C0158;3097,56;21;63,3;Autônomo;Sim
C0159;1816,76;50;36,2;CLT;Não
C0160;3123,43;38;42,7;CLT;Não
C0161;6331,67;41;53,5;Servidor;Sim
C0162;6773,7;68;51,9;Autônomo;Sim
C0163;2353,26;63;37,9;Autônomo;Não
C0164;6805,27;29;64,5;Autônomo;Não
C0165;1768,68;46;24,9;Autônomo;Sim
C0166;3429,18;23;11,4;CLT;Não
C0167;3807,59;43;14,2;CLT;Não
C0168;7582,55;53;21,2;Autônomo;Não
C0169;1411,06;56;9,9;Autônomo;Não
C0170;1722,0;47;49,0;Autônomo;Sim
C0171;1137,82;52;44,2;Autônomo;Não
C0172;2171,94;31;21,5;CLT;Sim
C0173;1296,81;47;63,7;Servidor;Sim
C0174;4326,88;25;52,7;CLT;Sim
C0175;1982,77;28;8,1;CLT;Não
C0176;2511,0;63;23,2;CLT;Não
C0177;9978,3;25;20,3;CLT;Não
C0178;4508,47;19;31,6;Servidor;Sim
C0179;2691,56;37;52,1;Autônomo;Sim
C0180;4641,58;58;25,0;CLT;Não
C0181;4859,13;63;63,1;Autônomo;Sim
C0182;6458,58;29;6,2;CLT;Não
C0183;2456,42;34;62,8;Autônomo;Sim
C0184;4056,62;27;51,3;Autônomo;Não
C0185;3543,7;53;61,9;CLT;Não
C0186;3391,83;44;54,6;Autônomo;Sim
C0187;2869,83;27;69,0;CLT;Não
C0188;5402,52;20;24,7;CLT;Não
C0189;5177,42;65;25,1;Autônomo;Não
C0190;1618,98;57;63,1;Autônomo;Sim
C0191;2492,27;59;28,6;CLT;Não
C0192;3386,66;70;8,5;Autônomo;Sim
C0193;5331,11;28;54,7;CLT;Não
C0194;4024,01;33;50,5;Autônomo;Sim
C0195;5527,6;20;18,6;Autônomo;Sim
C0196;3247,25;57;66,1;CLT;Sim
C0197;2753,82;58;19,6;Autônomo;Não
C0198;3945,42;44;17,7;CLT;Não
C0199;7019,53;57;34,9;CLT;Não
C0200;2577,08;48;59,7;Autônomo;Sim
C0201;2943,64;54;43,3;CLT;Não
C0202;2502,73;24;41,6;Autônomo;Sim
C0203;3397,63;33;31,9;Servidor;Não
C0204;5836,47;44;35,9;CLT;Não
C0205;3586,22;62;34,5;Autônomo;Sim
C0206;3277,12;30;58,6;CLT;Não
C0207;2957,54;68;38,6;Servidor;Sim
C0208;1964,46;57;34,9;Servidor;Sim
C0209;3124,6;44;11,2;CLT;Não
C0210;863,32;66;31,9;Servidor;Não
C0211;4041,11;32;10,6;CLT;Não
C0212;2676,54;35;61,1;CLT;Sim
C0213;4646,84;22;30,6;CLT;Sim
C0214;3637,13;45;62,5;CLT;Sim
C0215;3502,16;24;56,2;CLT;Sim
C0216;2365,01;62;11,8;CLT;Não
C0217;5721,33;58;42,0;Autônomo;Não
C0218;5595,07;69;28,7;Autônomo;Não
C0219;1886,75;21;25,4;CLT;Sim
C0220;3809,4;47;66,2;Autônomo;Sim
C0221;7711,63;57;42,9;CLT;Não
C0222;3936,75;68;42,7;Autônomo;Não
C0223;2241,79;48;36,0;CLT;Não
C0224;1406,12;50;51,9;Autônomo;Sim
C0225;7134,89;22;39,0;CLT;Sim
C0226;1846,93;28;36,3;CLT;Sim
C0227;1321,44;42;47,5;Autônomo;Sim
C0228;6030,89;53;48,5;CLT;Não
C0229;4771,78;56;25,5;CLT;Não
C0230;3661,71;43;15,9;CLT;Não
C0231;4331,45;25;27,6;Servidor;Não
C0232;3398,9;29;57,3;CLT;Sim
C0233;4577,73;56;22,1;CLT;Não
C0234;3703,4;26;40,6;Autônomo;Sim
C0235;3959,15;40;7,9;CLT;Não
C0236;3623,43;48;37,8;CLT;Não
C0237;4704,44;39;14,5;Servidor;Não
C0238;2546,32;27;54,9;Autônomo;Sim
C0239;3905,44;69;43,0;CLT;Sim
C0240;1498,83;24;49,1;Autônomo;Não
C0241;2887,47;30;18,3;CLT;Não
C0242;6544,07;42;22,7;Autônomo;Não
C0243;3381,55;63;57,2;Servidor;Não
C0244;2711,37;44;31,6;CLT;Não
C0245;2985,68;54;29,8;Autônomo;Não
C0246;5085,28;35;9,9;Autônomo;Sim
C0247;2416,97;41;28,5;CLT;Não
C0248;8418,25;63;35,1;CLT;Não
C0249;3703,69;70;52,9;Servidor;Não
C0250;4375,87;50;18,6;CLT;Não
C0251;;60;44,4;Servidor;Não
C0252;9934,32;35;50,5;Servidor;Não
C0253;2789,74;60;25,2;CLT;Não
C0254;2586,63;31;60,5;Autônomo;Não
C0255;3070,9;51;13,2;Servidor;Sim
C0256;3937,23;39;45,8;CLT;Não
C0257;6502,77;56;58,0;CLT;Não
C0258;2450,28;65;26,9;Autônomo;Sim
C0259;3653,37;41;30,6;Autônomo;Sim
C0260;1911,88;57;63,5;Servidor;Sim
C0261;7383,24;60;25,6;Autônomo;Não
C0262;6700,45;61;57,0;Servidor;Não
C0263;1138,61;68;28,7;Autônomo;Sim
C0264;3999,18;22;47,2;Autônomo;Não
C0265;3197,97;66;50,4;CLT;Sim
C0266;3914,93;25;31,8;Autônomo;Sim
C0267;4090,3;41;56,3;CLT;Não
C0268;3558,86;62;66,3;Autônomo;Sim
C0269;4573,42;30;42,3;Servidor;Não
C0270;3239,13;54;36,8;CLT;Não
C0271;6947,29;53;57,3;CLT;Sim
C0272;6062,73;26;63,0;Servidor;Não
C0273;1094,93;34;58,5;CLT;Sim
C0274;5977,07;51;11,0;CLT;Não
C0275;3784,78;64;60,9;CLT;Sim
C0276;1990,22;25;6,7;Autônomo;Sim
C0277;2977,36;56;36,3;Servidor;Não
C0278;4350,68;34;14,3;Servidor;Não
C0279;6369,54;25;13,5;Servidor;Não
C0280;6700,44;59;23,1;Autônomo;Sim
C0281;2963,24;70;62,5;Autônomo;Sim
C0282;3288,43;28;8,0;CLT;Não
C0283;6426,49;34;34,9;CLT;Não
C0284;3804,23;62;7,9;Autônomo;Não
C0285;2986,85;61;19,7;CLT;Não
C0286;1266,58;57;8,1;Autônomo;Não
C0287;4838,95;53;34,9;CLT;Sim
C0288;4278,29;39;30,2;CLT;Não
C0289;2958,66;36;53,3;Servidor;Não
C0290;3562,86;66;51,7;Servidor;Não
C0291;1623,75;38;48,2;Autônomo;Sim
C0292;4609,12;50;61,2;CLT;Não
C0293;7210,25;43;28,9;CLT;Não
C0294;6224,67;34;26,2;Servidor;Não
C0295;2282,47;28;32,9;Autônomo;Sim
C0296;2494,39;58;24,2;Servidor;Não
C0297;2724,51;22;14,5;CLT;Não
C0298;2874,22;28;63,6;Servidor;Não
C0299;4591,27;55;40,4;CLT;Sim
C0300;5621,7;33;33,7;Autônomo;Não
C0301;2418,76;51;14,7;Servidor;Não
C0302;2809,28;70;55,7;CLT;Não
C0303;1936,58;63;18,0;Autônomo;Sim
C0304;11988,79;68;52,2;CLT;Sim
C0305;2021,73;38;66,0;CLT;Sim
C0306;7200,2;37;67,3;Autônomo;Sim
C0307;4189,62;28;47,6;CLT;Não
C0308;4412,67;33;42,7;CLT;Não
C0309;4691,91;47;31,4;Autônomo;Não
C0310;2482,17;48;60,1;Servidor;Sim
C0311;5874,72;44;57,9;Autônomo;Sim
C0312;1675,41;36;22,8;Autônomo;Sim
C0313;3071,05;38;22,0;Autônomo;Sim
C0314;6684,43;28;67,6;Autônomo;Sim
C0315;4069,9;41;8,8;Servidor;Não
C0316;1937,27;70;55,8;CLT;Sim
C0317;2525,33;21;38,0;Autônomo;Sim
C0318;2621,9;31;58,4;CLT;Não
C0319;8752,3;33;65,9;CLT;Sim
C0320;3584,6;59;11,9;CLT;Não
C0321;3671,96;20;23,1;CLT;Não
C0322;5037,21;34;64,9;Autônomo;Sim
C0323;6410,86;64;7,4;Autônomo;Não
C0324;3506,08;65;68,2;CLT;Não
C0325;4042,34;41;67,3;Autônomo;Sim
C0326;2174,78;50;60,3;Servidor;Sim
C0327;3733,8;34;58,9;Autônomo;Sim
C0328;1421,91;23;26,8;Autônomo;Não
C0329;4479,97;69;52,1;CLT;Não
C0330;5264,68;47;56,6;Autônomo;Sim
C0331;2200,14;22;27,4;Autônomo;Sim
C0332;2722,75;26;13,9;CLT;Não
C0333;2599,96;21;69,5;Servidor;Sim
C0334;1648,26;40;49,6;CLT;Sim
C0335;5783,7;62;16,5;Servidor;Não
C0336;2406,92;33;38,9;CLT;Sim
C0337;1764,83;33;14,4;CLT;Não
C0338;2804,35;59;20,3;Servidor;Não
C0339;4977,4;47;32,3;Servidor;Não
C0340;2602,87;46;63,6;CLT;Sim
C0341;4269,21;57;61,1;Autônomo;Não
C0342;3404,78;44;20,0;CLT;Sim
C0343;3400,27;37;64,0;CLT;Sim
C0344;3785,98;40;9,7;Servidor;Não
C0345;6666,36;39;55,7;Autônomo;Sim
C0346;6749,2;39;33,3;CLT;Não
C0347;5617,86;29;15,9;CLT;Não
C0348;3900,85;54;58,4;CLT;Sim
C0349;2895,0;40;37,6;Autônomo;Sim
C0350;2374,77;39;9,0;Autônomo;Não
C0351;9491,07;55;37,4;Autônomo;Não
C0352;6058,06;62;20,1;Autônomo;Não
C0353;3367,32;59;52,9;CLT;Não
C0354;4656,69;70;62,7;CLT;Sim
C0355;4336,12;50;44,8;Autônomo;Não
C0356;8036,67;48;58,3;Autônomo;Sim
C0357;7703,32;60;67,9;Servidor;Sim
C0358;1197,04;51;28,6;Autônomo;Sim
C0359;6266,2;48;29,0;CLT;Não
C0360;3133,72;40;24,3;CLT;Não
C0361;3678,53;29;67,1;Autônomo;Sim
C0362;2108,82;48;34,0;CLT;Sim
C0363;2755,29;55;33,5;CLT;Não
C0364;2950,49;55;9,5;Autônomo;Sim
C0365;4891,87;26;25,3;CLT;Não
C0366;2447,52;61;21,2;Autônomo;Não
C0367;1556,04;49;11,2;CLT;Não
C0368;3394,4;19;44,1;CLT;Não
C0369;2881,22;48;20,5;CLT;Não
C0370;2795,8;55;64,6;Autônomo;Sim
C0371;4244,95;67;57,2;CLT;Não
C0372;1591,54;28;33,2;CLT;Não
C0373;1363,04;24;9,2;Servidor;Não
C0374;3869,19;36;35,9;CLT;Sim
C0375;4485,69;60;37,5;CLT;Não
C0376;5808,25;43;27,7;Autônomo;Não
C0377;4082,37;45;43,0;CLT;Não
C0378;6972,19;30;10,9;CLT;Não
C0379;2683,28;49;60,3;CLT;Não
C0380;8488,97;46;68,0;CLT;Não
C0381;8205,19;34;41,9;CLT;Não
C0382;4168,41;64;54,6;CLT;Não
C0383;3531,77;69;8,0;Autônomo;Não
C0384;2491,3;66;51,2;Servidor;Não
C0385;4096,31;38;20,4;Servidor;Não
C0386;2708,99;38;11,8;CLT;Não
C0387;4460,87;35;44,0;CLT;Sim
C0388;6875,41;57;55,0;CLT;Não
C0389;5093,55;67;67,1;Autônomo;Não
C0390;1746,3;63;19,4;CLT;Não
C0391;1819,14;30;14,7;Autônomo;Não
C0392;7051,39;68;35,1;Autônomo;Não
C0393;4909,24;30;38,3;Autônomo;Sim
C0394;7385,97;28;67,1;CLT;Sim
C0395;11794,53;53;62,6;Servidor;Não
C0396;3695,97;64;33,4;Autônomo;Não
C0397;3881,6;56;55,7;Autônomo;Sim
C0398;2287,8;26;34,8;Autônomo;Não
C0399;5846,35;61;55,5;CLT;Não
C0400;1792,4;43;32,7;CLT;Sim
