pedido;fornecedor;prazo_dias;valor
Pedido 16;Beta;9;1110,09
Pedido 28;Delta;9;752,98
Pedido 6;Alfa;6;454,58
Pedido 26;Delta;8;841,17
Pedido 9;Beta;9;604,59
Pedido 18;Gama;7;1033,81
Pedido 8;Alfa;5;1164,64
Pedido 5;Alfa;5;455,14
Pedido 3;Alfa;4;711,2
Pedido 31;Delta;10;523,27
Pedido 1;Alfa;5;725,63
Pedido 24;Delta;7;1087,89
Pedido 12;Beta;11;349,66
Pedido 15;Beta;10;913,66
Pedido 4;Alfa;7;1115,43
Pedido 13;Beta;9;475,16
Pedido 29;Delta;6;826,64
Pedido 27;Delta;7;652,29
Pedido 22;Gama;7;792,08
Pedido 17;Gama;6;737,69
Pedido 19;Gama;5;1177,46
Pedido 21;Gama;6;550,64
Pedido 20;Gama;8;816,46
Pedido 14;Beta;12;473,09
Pedido 2;Alfa;6;340,44
Pedido 23;Gama;9;1065,86
Pedido 11;Beta;10;656,35
Pedido 30;Delta;8;1146,06
Pedido 7;Alfa;8;1051,19
Pedido 25;Delta;6;1000,2
Pedido 10;Beta;8;596,97
