aluno;horas_estudo;nota;faltas;altura_cm
A01;4,1;8,5;12;177
A02;8,5;9,5;8;177
A03;9,4;9,6;10;171
A04;9,5;9,0;8;169
A05;11,8;10,0;4;166
A06;3,5;;15;165
A07;7,6;10,0;8;176
A08;8,4;9,6;7;165
A09;4,6;8,9;10;157
A10;4,0;8,6;13;172
A11;6,0;8,9;8;180
A12;4,6;8,6;11;168
A13;1,8;5,9;14;178
A14;9,9;9,6;13;174
A15;3,5;6,9;12;161
A16;2,8;6,4;13;173
A17;10,4;10,0;7;169
A18;8,9;9,6;14;176
A19;14,3;9,8;7;145
A20;0,6;3,2;14;177
A21;8,6;9,9;10;177
A22;7,5;9,2;8;162
A23;1,9;5,7;13;180
A24;9,8;10,0;6;169
A25;3,2;7,0;16;172
A26;3,3;8,8;12;178
A27;2,2;7,2;13;182
A28;3,1;7,5;15;172
A29;3,3;7,6;10;176
A30;6,1;10,0;14;174
A31;5,7;9,4;14;163
A32;8,5;9,5;8;185
A33;9,4;10,0;11;177
A34;4,6;8,9;11;171
A35;18,7;10,0;7;180
A36;1,7;5,4;13;175
A37;4,9;8,7;10;165
A38;8,3;9,8;11;179
A39;4,6;8,5;11;171
A40;7,3;9,9;11;176
A41;4,8;;14;179
A42;5,7;9,9;14;179
A43;4,0;9,1;13;187
A44;7,4;10,0;7;172
A45;2,3;6,9;14;169
A46;8,7;9,4;9;164
A47;6,8;10,0;13;165
A48;8,6;8,8;9;176
A49;3,6;7,6;15;174
A50;8,8;10,0;11;162
A51;5,8;8,3;11;165
A52;2,2;7,2;14;166
A53;10,6;9,3;5;184
A54;10,3;9,0;10;162
A55;6,8;9,1;11;174
A56;5,9;8,9;9;156
A57;3,7;8,1;13;168
A58;15,8;9,9;7;183
A59;8,4;10,0;11;159
A60;2,0;5,9;13;181
