filial;regiao;formato;lucro_mil
F01;Leste;Rua;-21,2
F02;Leste;Rua;-17,0
F03;Leste;Rua;-25,6
F04;Leste;Rua;-12,4
F05;Leste;Shopping;8,6
F06;Leste;Shopping;4,8
F07;Leste;Shopping;4,8
F08;Leste;Shopping;7,2
F09;Norte;Rua;-10,1
F10;Norte;Rua;-9,9
F11;Norte;Rua;-6,1
F12;Norte;Rua;-6,9
F13;Norte;Shopping;-14,3
F14;Norte;Shopping;-14,3
F15;Norte;Shopping;-13,4
F16;Norte;Shopping;-16,5
F17;Sul;Rua;2,4
F18;Sul;Rua;6,2
F19;Sul;Rua;3,5
F20;Sul;Rua;-1,5
F21;Sul;Shopping;13,1
F22;Sul;Shopping;17,6
F23;Sul;Shopping;14,1
F24;Sul;Shopping;14,4
