imovel;area_m2;quartos;idade_anos;distancia_centro_km;bairro;preco
IM001;41,4;1;36;5,5;Centro;205397,73
IM002;109,5;1;23;2,7;Vila Nova;377622,92
IM003;54,9;2;32;21,5;Vila Nova;46080,92
IM004;129,6;2;34;21,9;Centro;444475,32
IM005;120,8;2;10;12,6;Vila Nova;415956,72
IM006;167,0;4;22;18,1;Vila Nova;463610,74
IM007;93,6;2;0;2,8;Vila Nova;408778,29
IM008;151,8;1;12;17,9;Vila Nova;382834,35
IM009;141,0;3;22;2,7;Centro;520611,77
IM010;56,2;1;30;1,0;Vila Nova;206518,8
IM011;41,6;1;7;11,4;Vila Nova;169400,54
IM012;108,8;2;35;15,0;Centro;329143,16
IM013;201,5;4;5;1,3;Centro;828836,85
IM014;45,2;1;11;20,8;Jardins;349127,34
IM015;213,1;5;18;13,5;Vila Nova;826517,81
IM016;174,1;3;11;15,9;Centro;537694,03
IM017;170,2;3;8;11,3;Jardins;729695,62
IM018;73,1;2;14;2,5;Centro;411674,08
IM019;145,7;3;6;13,4;Centro;592128,66
IM020;168,9;4;9;2,2;Vila Nova;649148,18
IM021;203,6;4;30;18,2;Centro;617742,33
IM022;47,4;1;24;19,7;Vila Nova;108205,35
IM023;58,3;1;22;8,2;Vila Nova;167171,71
IM024;214,6;5;25;18,4;Vila Nova;646081,5
IM025;183,3;4;39;7,6;Vila Nova;614621,09
IM026;104,6;2;38;8,3;Jardins;513799,59
IM027;64,3;2;9;3,6;Vila Nova;287866,31
IM028;156,4;2;27;21,1;Centro;452121,16
IM029;206,0;3;6;12,7;Vila Nova;712943,68
IM030;77,6;2;30;10,3;Vila Nova;254038,86
IM031;170,9;2;20;1,8;Jardins;720076,17
IM032;73,2;1;35;0,8;Jardins;334818,75
IM033;170,3;4;15;9,6;Centro;623133,3
IM034;65,2;1;19;16,3;Vila Nova;111619,71
IM035;218,4;4;17;9,8;Centro;747265,53
IM036;48,8;1;33;22,4;Centro;71794,8
IM037;104,4;3;35;23,4;Centro;329377,83
IM038;155,4;2;17;10,6;Vila Nova;485973,94
IM039;151,8;2;17;6,4;Centro;523510,85
IM040;70,7;1;16;9,0;Centro;285218,78
IM041;57,9;1;20;12,0;Jardins;363767,13
IM042;94,6;2;15;14,8;Jardins;529899,88
IM043;79,6;1;20;20,2;Centro;226838,31
IM044;172,7;3;26;5,4;Vila Nova;591063,89
IM045;101,4;2;39;8,5;Centro;298151,14
IM046;163,0;4;28;5,1;Centro;625269,74
IM047;215,2;4;3;21,2;Vila Nova;776388,2
IM048;164,6;3;32;9,1;Centro;565071,76
IM049;103,7;2;6;7,1;Centro;367641,4
IM050;164,9;3;34;2,5;Centro;686378,7
IM051;200,2;4;38;16,3;Jardins;753762,65
IM052;124,8;2;33;23,6;Vila Nova;309533,1
IM053;143,6;4;37;7,5;Centro;459130,69
IM054;91,3;2;34;9,4;Centro;344718,77
IM055;160,5;4;18;17,8;Centro;607612,45
IM056;76,9;1;33;17,7;Vila Nova;156500,47
IM057;170,7;3;27;4,7;Jardins;729783,62
IM058;210,4;4;15;9,1;Vila Nova;702558,22
IM059;172,3;3;10;24,1;Jardins;675365,42
IM060;69,5;1;35;10,3;Jardins;271798,94
IM061;68,1;3;27;17,7;Vila Nova;138529,19
IM062;199,8;4;37;9,9;Jardins;857353,55
IM063;156,0;4;28;23,2;Jardins;569079,72
IM064;58,7;1;18;8,3;Jardins;337162,05
IM065;193,9;3;28;17,7;Jardins;752619,08
IM066;142,3;2;25;3,3;Centro;534641,32
IM067;114,4;3;34;3,6;Jardins;518466,89
IM068;187,3;4;34;17,0;Jardins;669632,57
IM069;132,8;2;19;10,3;Vila Nova;295835,62
IM070;174,8;3;5;23,3;Jardins;638476,66
IM071;97,0;2;17;18,4;Centro;354435,19
IM072;44,4;1;11;7,3;Jardins;268180,23
IM073;79,9;2;9;17,2;Centro;194873,51
IM074;161,5;3;34;1,8;Jardins;685799,81
IM075;129,1;2;35;1,2;Vila Nova;364722,09
IM076;163,9;4;17;10,1;Vila Nova;604140,4
IM077;146,1;3;4;5,5;Centro;508538,87
IM078;161,3;2;37;7,1;Vila Nova;548958,97
IM079;106,6;1;36;24,9;Vila Nova;219790,86
IM080;86,6;2;31;4,4;Jardins;479235,05
IM081;162,6;3;30;5,8;Centro;545242,89
IM082;156,7;3;27;1,2;Vila Nova;579348,43
IM083;42,2;2;10;9,6;Vila Nova;127498,63
IM084;147,3;3;25;3,5;Jardins;653409,88
IM085;91,9;2;9;5,6;Jardins;503033,24
IM086;212,6;5;15;9,3;Vila Nova;782199,72
IM087;66,7;2;15;2,8;Vila Nova;317200,25
IM088;133,5;3;4;6,6;Centro;592537,68
IM089;104,7;2;7;17,6;Centro;334262,19
IM090;138,7;1;8;2,7;Vila Nova;575612,42
IM091;174,9;3;30;20,2;Vila Nova;558605,96
IM092;183,5;3;4;9,3;Vila Nova;678240,54
IM093;86,0;1;6;12,2;Centro;351160,34
IM094;144,7;2;20;22,7;Jardins;508547,16
IM095;168,6;3;4;22,9;Centro;558423,57
IM096;160,5;3;25;11,4;Centro;602967,6
IM097;211,9;4;21;2,8;Centro;871248,49
IM098;145,4;3;37;12,3;Vila Nova;463224,36
IM099;162,2;3;15;5,5;Centro;694035,07
IM100;42,9;2;3;3,4;Jardins;329090,55
IM101;66,7;1;13;18,4;Jardins;372320,93
IM102;78,7;3;7;21,2;Vila Nova;197986,71
IM103;107,3;3;35;1,3;Centro;396952,69
IM104;79,2;1;25;19,3;Centro;182318,59
IM105;145,5;3;36;21,1;Centro;413278,99
IM106;67,8;1;35;15,2;Vila Nova;172988,49
IM107;136,8;2;25;4,0;Jardins;545490,15
IM108;80,5;1;18;22,5;Centro;113038,9
IM109;193,2;4;20;22,9;Jardins;697517,37
IM110;44,1;1;25;1,9;Jardins;330035,03
IM111;45,8;1;18;9,8;Centro;148644,02
IM112;133,2;2;2;3,6;Centro;530272,51
IM113;60,3;1;8;8,5;Jardins;409497,51
IM114;133,0;2;39;22,6;Vila Nova;332957,31
IM115;56,0;2;38;20,2;Centro;179124,64
IM116;185,0;5;4;11,3;Centro;691231,2
IM117;182,3;3;39;15,0;Vila Nova;523085,25
IM118;111,8;2;31;6,7;Centro;386625,06
IM119;77,0;2;40;0,8;Vila Nova;249564,14
IM120;96,6;2;37;20,7;Jardins;365045,0
IM121;188,6;2;19;19,1;Centro;638504,17
IM122;74,8;2;31;9,3;Centro;305873,62
IM123;210,9;3;24;6,4;Vila Nova;592685,33
IM124;148,1;4;30;21,7;Vila Nova;489202,28
IM125;209,2;4;30;21,1;Vila Nova;650597,7
IM126;62,9;1;22;18,4;Vila Nova;92145,94
IM127;52,6;1;31;2,0;Vila Nova;152537,38
IM128;52,5;1;18;3,6;Vila Nova;223269,15
IM129;68,5;1;23;4,9;Centro;238474,97
IM130;63,3;1;29;6,7;Centro;151638,05
IM131;213,0;5;17;14,6;Jardins;791189,16
IM132;202,8;3;6;4,9;Jardins;831382,47
IM133;112,2;2;36;12,0;Vila Nova;294490,07
IM134;150,5;4;8;24,4;Centro;521527,67
IM135;64,0;1;6;10,7;Jardins;378075,77
IM136;209,1;5;23;11,1;Vila Nova;766946,36
IM137;45,1;1;16;23,8;Centro;173524,73
IM138;170,8;4;15;2,2;Vila Nova;610771,46
IM139;125,1;2;7;6,2;Vila Nova;500144,58
IM140;51,2;1;3;18,0;Jardins;321565,7
IM141;216,4;4;27;15,0;Jardins;807184,34
IM142;96,4;1;14;16,4;Vila Nova;257410,35
IM143;62,8;1;17;16,3;Jardins;303740,24
IM144;149,3;2;21;17,7;Jardins;621256,31
IM145;45,3;2;19;20,5;Jardins;234226,76
IM146;100,5;1;0;14,7;Vila Nova;292672,4
IM147;212,9;5;33;5,4;Centro;736962,37
IM148;197,8;4;34;3,3;Vila Nova;685239,24
IM149;83,2;1;31;7,0;Centro;270207,43
IM150;140,4;3;10;4,2;Centro;617708,63
