cliente;loja;comprou;valor
C62;Loja B;Sim;134
C69;Loja B;Não;0
C28;Loja A;Sim;136
C20;Loja A;Sim;120
C26;Loja A;Sim;202
C7;Loja A;Sim;199
C4;Loja A;Sim;88
C44;Loja A;Não;0
C36;Loja A;Não;0
C65;Loja B;Sim;105
C76;Loja B;Não;0
C35;Loja A;Não;0
C78;Loja B;Não;0
C14;Loja A;Sim;178
C33;Loja A;Não;0
C43;Loja A;Não;0
C64;Loja B;Sim;208
C75;Loja B;Não;0
C50;Loja A;Não;0
C38;Loja A;Não;0
C66;Loja B;Sim;142
C34;Loja A;Não;0
C23;Loja A;Sim;91
C58;Loja B;Sim;126
C83;Loja B;Não;0
C88;Loja B;Não;0
C94;Loja B;Não;0
C95;Loja B;Não;0
C51;Loja B;Sim;147
C90;Loja B;Não;0
C68;Loja B;Sim;216
C32;Loja A;Não;0
C81;Loja B;Não;0
C84;Loja B;Não;0
C18;Loja A;Sim;186
C60;Loja B;Sim;200
C5;Loja A;Sim;125
C91;Loja B;Não;0
C1;Loja A;Sim;117
C82;Loja B;Não;0
C25;Loja A;Sim;165
C16;Loja A;Sim;112
C80;Loja B;Não;0
C77;Loja B;Não;0
C13;Loja A;Sim;141
C11;Loja A;Sim;207
C63;Loja B;Sim;171
C24;Loja A;Sim;128
C29;Loja A;Sim;173
C93;Loja B;Não;0
C85;Loja B;Não;0
C39;Loja A;Não;0
C22;Loja A;Sim;194
C48;Loja A;Não;0
C89;Loja B;Não;0
C71;Loja B;Não;0
C87;Loja B;Não;0
C55;Loja B;Sim;155
C45;Loja A;Não;0
C92;Loja B;Não;0
C72;Loja B;Não;0
C42;Loja A;Não;0
C3;Loja A;Sim;191
C59;Loja B;Sim;163
C6;Loja A;Sim;162
C57;Loja B;Sim;89
C53;Loja B;Sim;81
C30;Loja A;Sim;210
C47;Loja A;Não;0
C61;Loja B;Sim;97
C21;Loja A;Sim;157
C31;Loja A;Não;0
C73;Loja B;Não;0
C17;Loja A;Sim;149
C70;Loja B;Não;0
C56;Loja B;Sim;192
C67;Loja B;Sim;179
C37;Loja A;Não;0
C49;Loja A;Não;0
C9;Loja A;Sim;133
C10;Loja A;Sim;170
C19;Loja A;Sim;83
C2;Loja A;Sim;154
C52;Loja B;Sim;184
C41;Loja A;Não;0
C79;Loja B;Não;0
C15;Loja A;Sim;215
C86;Loja B;Não;0
C54;Loja B;Sim;118
C40;Loja A;Não;0
C12;Loja A;Sim;104
C74;Loja B;Não;0
C27;Loja A;Sim;99
C8;Loja A;Sim;96
C46;Loja A;Não;0
