cliente;comprou;satisfeito;região
C1;1;Sim;Sul
C2;1;Não;Leste
C3;0;Sim;Norte
C4;1;Sim;Sul
C5;1;Não;Leste
C6;0;Sim;Norte
C7;1;Sim;Sul
C8;1;Sim;Leste
C9;0;Não;Norte
C10;1;Sim;Sul
C11;1;Sim;Leste
C12;0;Não;Norte
C13;1;Sim;Sul
C14;1;Sim;Leste
C15;0;Não;Norte
C16;1;Sim;Sul
C17;1;Sim;Leste
C18;0;Sim;Norte
C19;1;Não;Sul
C20;1;Sim;Leste
C21;0;Sim;Norte
C22;1;Não;Sul
C23;1;Sim;Leste
C24;0;Sim;Norte
C25;1;Não;Sul
C26;1;Sim;Leste
C27;0;Sim;Norte
C28;1;Sim;Sul
C29;1;Não;Leste
C30;0;Sim;Norte
C31;1;Sim;Sul
C32;1;Não;Leste
C33;0;Sim;Norte
C34;1;Sim;Sul
C35;1;Não;Leste
C36;0;Sim;Norte
C37;1;Sim;Sul
C38;1;Sim;Leste
C39;0;Não;Norte
C40;1;Sim;Sul
C41;1;Sim;Leste
C42;0;Não;Norte
C43;1;Sim;Sul
C44;1;Sim;Leste
C45;0;Não;Norte
C46;1;Sim;Sul
C47;1;Sim;Leste
C48;0;Sim;Norte
C49;1;Não;Sul
C50;1;Sim;Leste
C51;0;Sim;Norte
C52;1;Não;Sul
C53;1;Sim;Leste
C54;0;Sim;Norte
C55;1;Não;Sul
C56;1;Sim;Leste
C57;0;Sim;Norte
C58;1;Sim;Sul
C59;1;Não;Leste
C60;0;Sim;Norte
